{
    "energy_grid": [
        50.0,
        75.33150951473337,
        113.49672651536731,
        170.99759466766963,
        257.6301385940817,
        388.1533447356427,
        584.8035476425729,
        881.0826802697268,
        1327.465766240115,
        2000.0
    ],
    "coeffs": [
        [
            -8.671325467832428,
            -8.535999050198386,
            -8.510684996812271,
            -8.672380252705103,
            -9.419802007909055,
            -10.464370797093785,
            -11.482701374085112,
            -12.334725742890944,
            -13.210621662808245,
            -13.999944807241576
        ],
        [
            1.981891636501766,
            1.9895181213132835,
            1.9992208652471164,
            2.0269040067652115,
            2.1055460306934757,
            2.239666966536652,
            2.3681638038774357,
            2.4826544404427007,
            2.593240053253788,
            2.6654987166990827
        ],
        [
            -0.00042254779379846674,
            0.0012754496723847986,
            -0.0025264387061909588,
            0.03533815700152987,
            0.2620538229796836,
            0.5098957176706318,
            0.7160737634819176,
            0.8532039517028254,
            1.0061612426630897,
            1.1386830007054256
        ]
    ]
}